[
  {
    "id": "stl_Z2cSIEdrMRJqqddYWBO0b7csOa",
    "delivery": true,
    "cost": 7.99,
    "name": "california_republic",
    "display_name": "California Republic",
    "imageURL": "https://s3.amazonaws.com/key_style_images/staging/kw1/normal/california_republic/retina.png?1540418398",
    "vehicle": false,
    "order": 0,
    "is_pinned": false,
    "categories": [
      "Design",
      "Most Popular"
    ],
    "ordersByCategory": {
      "Design": -1023,
      "Most Popular": -1009
    }
  },
  {
    "id": "stl_cnxGazdJflERdU94agfDHNS3LX",
    "delivery": true,
    "cost": 8.99,
    "name": "american_flag",
    "display_name": "American Flag",
    "imageURL": "https://s3.amazonaws.com/key_style_images/staging/kw1/normal/american_flag/retina.png?1544207848",
    "vehicle": false,
    "order": 0,
    "is_pinned": false,
    "categories": [
      "Design"
    ],
    "ordersByCategory": {
      "Design": -1022
    }
  },
  {
    "id": "stl_MEGIkxklPMbF6Vw7ZXG2vWp7Jw",
    "delivery": true,
    "cost": 5.99,
    "name": "cheetah",
    "display_name": "Cheetah",
    "imageURL": "https://s3.amazonaws.com/key_style_images/staging/kw1/normal/cheetah/retina.png?1546180472",
    "vehicle": false,
    "order": 0,
    "is_pinned": false,
    "categories": [
      "Design",
      "Most Popular"
    ],
    "ordersByCategory": {
      "Design": -1021,
      "Most Popular": -1021
    }
  },
  {
    "id": "stl_PpZqqdZiztxlev",
    "delivery": true,
    "cost": 5.99,
    "name": "guitar",
    "display_name": "Rockin' Key",
    "imageURL": "https://s3.amazonaws.com/key_style_images/staging/kw1/normal/guitar/retina.png?1375825922",
    "vehicle": false,
    "order": 0,
    "is_pinned": false,
    "categories": [
      "Design",
      "Most Popular"
    ],
    "ordersByCategory": {
      "Design": -1010
    }
  },
  {
    "id": "stl_R9EDCff2veokkFIr5j3tBoCxl3",
    "delivery": true,
    "cost": 7.99,
    "name": "us_army",
    "display_name": "us_army",
    "imageURL": "https://s3.amazonaws.com/key_style_images/staging/kw1/normal/us_army/retina.png?1557169796",
    "vehicle": false,
    "order": 0,
    "is_pinned": false,
    "categories": [
      "Design"
    ],
    "ordersByCategory": {
      "Design": -1007
    }
  },
  {
    "id": "stl_I5VDV0EpXPOMbh",
    "delivery": true,
    "cost": 5.99,
    "name": "peacock",
    "display_name": "Peacock",
    "imageURL": "https://s3.amazonaws.com/key_style_images/staging/kw1/normal/peacock/retina.png?1375825966",
    "vehicle": false,
    "order": 0,
    "is_pinned": false,
    "categories": [
      "Design"
    ],
    "ordersByCategory": {
      "Design": -998
    }
  },
  {
    "id": "stl_ix7jFORCZlJBqQpfpY83vikfKx",
    "delivery": true,
    "cost": 9.99,
    "name": "drill",
    "display_name": "Drill",
    "imageURL": "https://s3.amazonaws.com/key_style_images/staging/kw11/normal/drill/retina.png?1557165308",
    "vehicle": false,
    "order": 0,
    "is_pinned": false,
    "categories": [
      "Design"
    ],
    "ordersByCategory": {
      "Design": -993
    }
  },
  {
    "id": "stl_SqE7CpLrMhQ8Aa",
    "delivery": true,
    "cost": 5.99,
    "name": "golfball",
    "display_name": "Golfball",
    "imageURL": "https://s3.amazonaws.com/key_style_images/staging/kw1/normal/golfball/retina.png?1375825978",
    "vehicle": false,
    "order": 0,
    "is_pinned": false,
    "categories": [
      "Design"
    ],
    "ordersByCategory": {
      "Design": -992
    }
  },
  {
    "id": "stl_rDfUGlMqAK4UQS",
    "delivery": true,
    "cost": 5.99,
    "name": "breast_cancer",
    "display_name": "Breast Cancer Awareness",
    "imageURL": "https://s3.amazonaws.com/key_style_images/staging/kw1/normal/breast_cancer/retina.png?1375825947",
    "vehicle": false,
    "order": 0,
    "is_pinned": false,
    "categories": [
      "Design"
    ],
    "ordersByCategory": {
      "Design": -991
    }
  },
  {
    "id": "stl_7Qtqb5IoEcvQnT",
    "delivery": true,
    "cost": 5.99,
    "name": "leaf",
    "display_name": "Leaf",
    "imageURL": "https://s3.amazonaws.com/key_style_images/staging/kw1/normal/leaf/retina.png?1375825818",
    "vehicle": false,
    "order": 0,
    "is_pinned": false,
    "categories": [
      "Design"
    ],
    "ordersByCategory": {
      "Design": -989
    }
  },
  {
    "id": "stl_OwAvXHAarpuMUG",
    "delivery": true,
    "cost": 5.99,
    "name": "zebra",
    "display_name": "Zebra",
    "imageURL": "https://s3.amazonaws.com/key_style_images/staging/kw1/normal/zebra/retina.png?1375825964",
    "vehicle": false,
    "order": 0,
    "is_pinned": false,
    "categories": [
      "Design"
    ],
    "ordersByCategory": {
      "Design": -988
    }
  },
  {
    "id": "stl_EGuhCBZvJzt9Ok",
    "delivery": true,
    "cost": 5.99,
    "name": "wood",
    "display_name": "Wood",
    "imageURL": "https://s3.amazonaws.com/key_style_images/staging/kw1/normal/wood/retina.png?1375825821",
    "vehicle": false,
    "order": 0,
    "is_pinned": false,
    "categories": [
      "Design"
    ],
    "ordersByCategory": {
      "Design": -987
    }
  },
  {
    "id": "stl_clJQygoCJlKear",
    "delivery": true,
    "cost": 5.99,
    "name": "pink_plaid",
    "display_name": "Pink Plaid",
    "imageURL": "https://s3.amazonaws.com/key_style_images/staging/kw1/normal/pink_plaid/retina.png?1375825812",
    "vehicle": false,
    "order": 0,
    "is_pinned": false,
    "categories": [
      "Design"
    ],
    "ordersByCategory": {
      "Design": -986
    }
  },
  {
    "id": "stl_CrlelMFGxvKsMs",
    "delivery": true,
    "cost": 5.99,
    "name": "beerpong",
    "display_name": "Beer Pong",
    "imageURL": "https://s3.amazonaws.com/key_style_images/staging/kw1/normal/beerpong/retina.png?1375825823",
    "vehicle": false,
    "order": 0,
    "is_pinned": false,
    "categories": [
      "Design"
    ],
    "ordersByCategory": {
      "Design": -985
    }
  },
  {
    "id": "stl_IXT4cdmoGcM61e",
    "delivery": true,
    "cost": 5.99,
    "name": "strawberry",
    "display_name": "Strawberry",
    "imageURL": "https://s3.amazonaws.com/key_style_images/staging/kw1/normal/strawberry/retina.png?1375825817",
    "vehicle": false,
    "order": 0,
    "is_pinned": false,
    "categories": [
      "Design"
    ],
    "ordersByCategory": {
      "Design": -984
    }
  },
  {
    "id": "stl_CLyG5ulxtCsa9j",
    "delivery": true,
    "cost": 6.99,
    "name": "dale_earnhardt",
    "display_name": "Dale Earnhardt Jr.",
    "imageURL": "https://s3.amazonaws.com/key_style_images/staging/kw1/normal/dale_earnhardt/retina.png?1375825955",
    "vehicle": false,
    "order": 0,
    "is_pinned": false,
    "categories": [
      "Design"
    ],
    "ordersByCategory": {
      "Design": -983
    }
  },
  {
    "id": "stl_UQbGbnHewWi2uT",
    "delivery": true,
    "cost": 6.99,
    "name": "jeff_gordon",
    "display_name": "Jeff Gordon",
    "imageURL": "https://s3.amazonaws.com/key_style_images/staging/kw1/normal/jeff_gordon/retina.png?1375825959",
    "vehicle": false,
    "order": 0,
    "is_pinned": false,
    "categories": [
      "Design"
    ],
    "ordersByCategory": {
      "Design": -982
    }
  },
  {
    "id": "stl_D4zGDSPTfxl64c",
    "delivery": true,
    "cost": 6.99,
    "name": "kasey_kahne",
    "display_name": "Kasey Kahne",
    "imageURL": "https://s3.amazonaws.com/key_style_images/staging/kw1/normal/kasey_kahne/retina.png?1375825957",
    "vehicle": false,
    "order": 0,
    "is_pinned": false,
    "categories": [
      "Design"
    ],
    "ordersByCategory": {
      "Design": -981
    }
  },
  {
    "id": "stl_8HhLv6F1UlC9I7",
    "delivery": true,
    "cost": 5.99,
    "name": "hello",
    "display_name": "Hello!",
    "imageURL": "https://s3.amazonaws.com/key_style_images/staging/kw1/normal/hello/retina.png?1375825829",
    "vehicle": false,
    "order": 0,
    "is_pinned": false,
    "categories": [
      "Design"
    ],
    "ordersByCategory": {
      "Design": -980
    }
  },
  {
    "id": "stl_lmYbteiX1T8lx2",
    "delivery": true,
    "cost": 5.99,
    "name": "saw",
    "display_name": "Saw",
    "imageURL": "https://s3.amazonaws.com/key_style_images/staging/kw1/normal/saw/retina.png?1375825963",
    "vehicle": false,
    "order": 0,
    "is_pinned": false,
    "categories": [
      "Design"
    ],
    "ordersByCategory": {
      "Design": -979
    }
  },
  {
    "id": "stl_L4RH4JrSjpmh2reoefiMLV1sTz",
    "delivery": true,
    "cost": 7.99,
    "name": "us_navy",
    "display_name": "us_navy",
    "imageURL": "https://s3.amazonaws.com/key_style_images/staging/kw1/normal/us_navy/retina.png?1557169859",
    "vehicle": false,
    "order": 0,
    "is_pinned": false,
    "categories": [
      "Design"
    ],
    "ordersByCategory": {
      "Design": -977
    }
  },
  {
    "id": "stl_pv4C5TcKOTPni2rbUKtjx1QmT5",
    "delivery": true,
    "cost": 29.99,
    "name": "bianca_key_find_keys_instantly_with_tile™",
    "display_name": "Bianca Tile™ Tracker Key",
    "imageURL": "https://s3.amazonaws.com/key_style_images/staging/kw1/normal/bianca_key_find_keys_instantly_with_tile%E2%84%A2/retina.png?1545249506",
    "vehicle": false,
    "order": 0,
    "is_pinned": false,
    "categories": [
      "Design"
    ],
    "ordersByCategory": {}
  },
  {
    "id": "stl_N7zzhlPCMaMFYvw26EEbSnAIgG",
    "delivery": true,
    "cost": 5.99,
    "name": "california_republic2",
    "display_name": "California Republic",
    "imageURL": "https://s3.amazonaws.com/key_style_images/staging/kw1/normal/california_republic2/retina.png?1549042161",
    "vehicle": false,
    "order": 0,
    "is_pinned": false,
    "categories": [
      "Design"
    ],
    "ordersByCategory": {}
  },
  {
    "id": "stl_owD20vLgqLtgPwpJkIXXRIr9GR",
    "delivery": true,
    "cost": 7.99,
    "name": "camo",
    "display_name": "Camo",
    "imageURL": "https://s3.amazonaws.com/key_style_images/staging/kw1/normal/camo/retina.png?1544205394",
    "vehicle": false,
    "order": 0,
    "is_pinned": false,
    "categories": [
      "Design"
    ],
    "ordersByCategory": {}
  },
  {
    "id": "stl_OG0DitAu6i3xJfWoshB0R9Bcpq",
    "delivery": true,
    "cost": 5.99,
    "name": "dots2",
    "display_name": "Dots",
    "imageURL": "https://s3.amazonaws.com/key_style_images/staging/kw1/normal/dots2/retina.png?1549391686",
    "vehicle": false,
    "order": 0,
    "is_pinned": true,
    "categories": [
      "Design"
    ],
    "ordersByCategory": {}
  },
  {
    "id": "stl_lxajXDrmAedE79",
    "delivery": true,
    "cost": 5.99,
    "name": "harley_orange",
    "display_name": "Harley Davidson Orange",
    "imageURL": "https://s3.amazonaws.com/key_style_images/staging/kw1/normal/harley_orange/retina.png?1375825949",
    "vehicle": false,
    "order": 0,
    "is_pinned": false,
    "categories": [
      "Design",
      "Most Popular"
    ],
    "ordersByCategory": {}
  },
  {
    "id": "stl_RzlW4RIteMXLlG",
    "delivery": true,
    "cost": 5.99,
    "name": "harley_pink",
    "display_name": "Harley Davidson Pink",
    "imageURL": "https://s3.amazonaws.com/key_style_images/staging/kw1/normal/harley_pink/retina.png?1375825951",
    "vehicle": false,
    "order": 0,
    "is_pinned": false,
    "categories": [
      "Design"
    ],
    "ordersByCategory": {}
  },
  {
    "id": "stl_wEwLyRldwgmlSS",
    "delivery": true,
    "cost": 5.99,
    "name": "pizza",
    "display_name": "Pizza",
    "imageURL": "https://s3.amazonaws.com/key_style_images/staging/kw1/normal/pizza/retina.png?1375825826",
    "vehicle": false,
    "order": 0,
    "is_pinned": false,
    "categories": [
      "Design"
    ],
    "ordersByCategory": {}
  },
  {
    "id": "stl_lyol0z1V765fmXFDLVZQSuwz0s",
    "delivery": true,
    "cost": 7.99,
    "name": "screwpop",
    "display_name": "Screwpop Flashlight + Bottle Opener",
    "imageURL": "https://s3.amazonaws.com/key_style_images/staging/kw1/normal/screwpop/retina.png?1520282439",
    "vehicle": false,
    "order": 0,
    "is_pinned": false,
    "categories": [
      "Design"
    ],
    "ordersByCategory": {}
  },
  {
    "id": "stl_WhDX0fEOaX7e6NQ1PwvtL4sIt2",
    "delivery": true,
    "cost": 7.99,
    "name": "us_marines",
    "display_name": "us_marines",
    "imageURL": "https://s3.amazonaws.com/key_style_images/staging/kw1/normal/us_marines/retina.png?1557169751",
    "vehicle": false,
    "order": 0,
    "is_pinned": false,
    "categories": [
      "Design"
    ],
    "ordersByCategory": {}
  },
  {
    "id": "stl_OQtN3mCT6NHsnA",
    "delivery": true,
    "cost": 5.99,
    "name": "write_on_it_blue",
    "display_name": "Write On It Blue",
    "imageURL": "https://s3.amazonaws.com/key_style_images/staging/kw1/normal/write_on_it_blue/retina.png?1375825941",
    "vehicle": false,
    "order": 0,
    "is_pinned": false,
    "categories": [
      "Design"
    ],
    "ordersByCategory": {}
  },
  {
    "id": "stl_WFD1CyULVBUr9z",
    "delivery": true,
    "cost": 5.99,
    "name": "write_on_it_orange",
    "display_name": "Write On It Orange",
    "imageURL": "https://s3.amazonaws.com/key_style_images/staging/kw1/normal/write_on_it_orange/retina.png?1375825943",
    "vehicle": false,
    "order": 0,
    "is_pinned": false,
    "categories": [
      "Design"
    ],
    "ordersByCategory": {}
  },
  {
    "id": "stl_raC2maAGJoH1c7",
    "delivery": true,
    "cost": 5.99,
    "name": "write_on_it_pink",
    "display_name": "Write On It Pink",
    "imageURL": "https://s3.amazonaws.com/key_style_images/staging/kw1/normal/write_on_it_pink/retina.png?1375825939",
    "vehicle": false,
    "order": 0,
    "is_pinned": false,
    "categories": [
      "Design"
    ],
    "ordersByCategory": {}
  },
  {
    "id": "stl_ntna6y6b6WIHmn",
    "delivery": true,
    "cost": 5.99,
    "name": "write_on_it_red",
    "display_name": "Write On It Red",
    "imageURL": "https://s3.amazonaws.com/key_style_images/staging/kw1/normal/write_on_it_red/retina.png?1375825944",
    "vehicle": false,
    "order": 0,
    "is_pinned": false,
    "categories": [
      "Design"
    ],
    "ordersByCategory": {}
  }
]
